wall_time,frame_id,f0,intensity_db,rhythm_db_std,rms,voiced_ratio,dF0,dI,dR,role,raw_role,gaze,gaze_ratio_role_window,gaze_threshold,gaze_valid_sec,gaze_engaged_by_role,gaze_role_score,gaze_score_for_fusion,torso_position,feet_pointing,crossed_arms,sleepy_eyes,smile,eyebrow_raise,visual_ok,visual_age,http_status,api_latency,p_t,v_t,r_t,s_t,engagement_raw,engagement
1787650745.943,123,237.94183231022456,39.337079694186826,25.23248744068822,0.03705930371257439,0.4020618556701031,-0.0765210074386361,0.17356238192509607,0.05538528018346334,speaker,speaker,camera,1.0,0.3,0.3333333333333333,,0.0,,towards,not_visible,no,no,no,no,True,0.37278246879577637,200,0.3519008159637451,0.21034157736947293,0.07575757575757576,0.9706185567010309,0.1161327762411449,0.5070445730478815,0.5028178292191526
1787650746.277,133,228.67104907427654,44.270867677790285,25.37830925405557,0.03476824128706549,0.4639175257731959,-0.11552580815939273,0.6652055564661914,0.06941360871836366,speaker,speaker,camera,1.0,0.3,0.6673396428426106,,0.0,,towards,not_visible,no,no,no,no,True,0.10250186920166016,200,0.35326671600341797,0.6315755144836677,0.07575757575757576,0.9891752577319588,0.24250295737540334,0.5218614418047169,0.5104352742533784
1787650746.615,143,228.67104907458295,37.590921532422094,32.69571243603748,0.03476783251152958,0.4639175257731959,-0.11443418835303243,-0.00944111363528961,0.8004597908293715,speaker,speaker,camera,1.0,0.3,1.0053139527638753,,0.0,,towards,not_visible,no,no,no,no,True,0.06091499328613281,200,0.3710517883300781,0.5299400777659073,0.07575757575757576,0.9891752577319588,0.21201232636007525,0.534425481406655,0.5200313571146891
1787650746.949,153,214.18646217067203,12.585972719805566,25.41429444430867,0.01581376645435501,0.1958762886597938,-0.17878985908173448,-2.509841583760589,0.0643133937481963,speaker,listener,camera,1.0,0.3,1.3393884499867756,,0.0,,towards,not_visible,no,no,no,no,True,0.04574179649353027,200,0.34924769401550293,-1.8798903012186865,0.07575757575757576,0.9087628865979381,-0.5109367873353029,0.4930611405575929,0.5092432704918506
1787650747.287,163,nan,0.0,0.0,3.7888829974600895e-05,0.0,0.0,-3.7433404399035397,-2.4777591846201523,speaker,listener,camera,1.0,0.3,1.6768909295399983,True,1.0,0.55,towards,not_visible,no,no,no,no,True,0.029184341430664062,200,0.3525390625,0.0,0.11363636363636365,1.0,0.07954545454545454,0.4981918836036986,0.5048227157365898
1787650747.655,174,201.01725858590447,7.812009616010632,16.22701367803775,0.010151128550289198,0.05154639175257732,-0.24060751951935652,-2.9621394783024764,-0.8550578168163774,speaker,listener,camera,1.0,0.3,2.0454293092091875,True,1.0,0.55,towards,not_visible,no,no,no,no,True,0.049549102783203125,200,0.3481736183166504,-2.7624425129721293,0.11363636363636365,0.8654639175257732,-0.7491872993461842,0.4417644333526782,0.47959940278302515
1787650748.007,185,243.64433858395859,30.46134084031083,30.03237005459168,0.025691085448482344,0.28865979381443296,-0.04828875520950348,-0.6972063558724567,0.5254778208390156,speaker,speaker,camera,1.0,0.3,2.396877606709798,True,1.0,0.55,towards,not_visible,no,no,no,no,True,0.05248761177062988,200,0.3485097885131836,-0.21833401458980428,0.11363636363636365,0.9365979381443299,0.014045250168513268,0.4438955366268674,0.4653178563205621
1787650748.343,195,276.3904435621109,56.19481089975869,18.486701875904327,0.04848754149278919,0.5876288659793815,0.07828775287445323,1.8831127136310541,-0.6343437752381099,speaker,speaker,camera,1.0,0.3,2.733458598454793,True,1.0,0.55,towards,not_visible,no,no,no,no,True,0.03650712966918945,200,0.35256147384643555,1.1650277821992043,0.11363636363636365,1.0,0.4290537892052158,0.47179249876410007,0.46790771329797726
1787650748.679,205,294.2815179540355,60.46838558310984,14.518667533830417,0.05174129380488693,0.6701030927835051,0.1401960826700197,2.291639054829859,-1.0248037716931198,speaker,speaker,camera,1.0,0.3,3.0689509709676104,True,1.0,0.55,towards,not_visible,no,no,no,no,True,0.02396678924560547,200,0.3470320701599121,1.2885270221830254,0.11363636363636365,1.0,0.4661035612003621,0.5015424906217584,0.48136162422748974
1787650749.015,215,308.57400398369975,47.33839896327686,24.538453235577396,0.046049050641976855,0.4639175257731959,0.18611706476773654,0.9557240022982618,-0.012577163801490699,speaker,speaker,camera,1.0,0.3,3.4054456551869707,True,1.0,0.55,towards,not_visible,no,no,no,no,True,0.009897470474243164,200,0.35056400299072266,0.8500914359415834,0.11363636363636365,0.9891752577319588,0.33457288532792956,0.5221769097477903,0.49768773843561
1787650749.351,225,309.6669613952095,38.00258073004478,19.01816259937199,0.024029756304649555,0.12371134020618557,0.1876092256476665,0.012584938952071667,-0.5644804557840164,speaker,listener,camera,1.0,0.3,3.7416716416676836,True,1.0,0.55,towards,not_visible,no,no,no,no,True,0.34612345695495605,200,0.35056400299072266,-0.23481570948491925,0.11363636363636365,0.8871134020618556,0.009100741699978765,0.5221715681609482,0.5074812703257453
1787650749.719,236,nan,37.97696829024896,12.992591069920975,0.012240266844415768,0.0,0.0,0.010023694972490204,-1.1670376087291179,speaker,listener,camera,1.0,0.3,4.108848889668782,True,1.0,0.55,towards,not_visible,no,no,no,no,True,0.013114213943481445,200,0.34612560272216797,-0.6922036092594785,0.11363636363636365,0.85,-0.12811562823238903,0.5121453117822904,0.5093468869083634
1787650750.063,247,nan,40.89985961416352,11.714301040348863,0.01237588269379897,0.0,0.0,0.30231282736394577,-1.2948666116863292,speaker,listener,camera,1.0,0.3,4.453590710957845,True,1.0,0.55,towards,not_visible,no,no,no,no,True,0.004997730255126953,200,0.352858304977417,-0.5350697051206409,0.11363636363636365,0.85,-0.08097545699073773,0.5058455646621538,0.5079463580098795
1787650750.423,257,207.4832643252821,43.63988952748488,18.796859546121333,0.042005941050343214,0.23711340206185566,-0.2128374921038589,0.5763158186960823,-0.5866107611090822,speaker,speaker,camera,1.0,0.3,4.813571294148763,True,1.0,0.55,towards,not_visible,no,no,no,no,True,0.007506847381591797,200,0.3564722537994385,0.21550494434334605,0.11363636363636365,0.9211340206185566,0.14419693784845836,0.514009261830957,0.5103715195383105
1787650750.774,268,207.99550202436006,44.4250256943819,17.995664086955976,0.04197587006688822,0.25773195876288657,-0.20845275485490924,0.6490662771988234,-0.660864199414527,speaker,speaker,camera,1.0,0.3,5.164534171422322,True,1.0,0.55,towards,not_visible,no,no,no,no,True,0.030949831008911133,200,0.32751989364624023,0.22696087953779714,0.11363636363636365,0.927319587628866,0.14763371840679368,0.5222325570510145,0.515115934543392
1787650751.111,278,203.947630305979,45.61051452722319,18.349413932098138,0.04362982296846936,0.3402061855670103,-0.226222584091167,0.7611244977109642,-0.6188805729061656,speaker,speaker,camera,1.0,0.3,5.168306350708008,True,1.0,0.55,towards,not_visible,no,no,no,no,True,0.3680553436279297,200,0.32751989364624023,0.35068254647065566,0.11363636363636365,0.952061855670103,0.18475021848665124,0.5326826943848955,0.5221426384799934
1787650751.447,288,185.15286119244772,43.668404019335476,15.320810736476183,0.019628112613885872,0.29896907216494845,-0.3208774230379754,0.5593022019450835,-0.9155520867392994,speaker,speaker,camera,1.0,0.3,5.169825792312622,True,1.0,0.55,towards,not_visible,no,no,no,no,True,0.3355257511138916,200,0.3680553436279297,0.05854922103147486,0.11363636363636365,0.9396907216494845,0.097110220854897,0.5376102436545505,0.5283296805498162
1787650751.782,298,185.15286119262208,44.04343204965702,15.143870499969559,0.019613870516932343,0.29896907216494845,-0.3181287707171054,0.5912119829577869,-0.9240905895225687,speaker,speaker,camera,1.0,0.3,5.166737079620361,True,1.0,0.55,towards,not_visible,no,no,no,no,True,0.30237340927124023,200,0.3680379390716553,0.077579618011241,0.11294777888677851,0.9396907216494845,0.10233733062411725,0.5427229184276542,0.5340869757009514
1787650752.119,308,184.0024604502195,42.98313050331335,10.446459955949447,0.015632322973294904,0.18556701030927836,-0.3216327734507598,0.47926970849384176,-1.3845907380293543,speaker,listener,camera,1.0,0.3,5.170233726501465,True,1.0,0.55,towards,not_visible,yes,no,no,no,True,0.274458646774292,200,0.36548590660095215,-0.2865222892971592,-0.570208583925156,0.9056701030927835,-0.48510269553675694,0.5034030674035352,0.521813412381985
1787650752.455,319,246.34711217455822,35.19360111214117,14.317894029481696,0.0122023942204219,0.041237113402061855,-0.02708619238295215,-0.3044759277083145,-0.9836014232958359,speaker,listener,camera,1.0,0.3,5.1687421798706055,True,1.0,0.55,towards,not_visible,yes,no,no,no,True,0.2640542984008789,200,0.3454146385192871,-0.820198499952677,-0.5715238633146934,0.8623711340206186,-0.6461262543060884,0.45469440131073474,0.4949658079534849
1787650752.791,328,211.33202645064182,46.47357696483727,20.280311813010687,0.028738296648403876,0.32989690721649484,-0.18039727641961195,0.8235216575612959,-0.38735964494293673,speaker,speaker,camera,1.0,0.3,5.136263847351074,True,1.0,0.55,towards,not_visible,yes,no,no,no,True,0.23099112510681152,200,0.3691232204437256,0.5166001772930807,-0.5728228762862346,0.9489690721649484,-0.24599596021244,0.43554515045244924,0.47119754495307065
1787650753.159,339,191.62840447268434,56.52504927250738,17.68590947241915,0.034766914179700965,0.5979381443298969,-0.27661767500779433,1.8204336717526943,-0.642926282552661,speaker,speaker,camera,1.0,0.3,5.152889251708984,True,1.0,0.55,towards,not_visible,yes,no,no,yes,True,0.23428654670715332,200,0.3647782802581787,1.2089000053744563,-0.536348220783814,1.0,-0.012773752936332872,0.43590091128225794,0.45707889148474556
1787650753.511,350,178.2359188328565,61.53557766464763,7.385399678487407,0.03466515357572575,0.8247422680412371,-0.3466482377067903,2.3032821742491927,-1.6665479991203092,speaker,speaker,camera,1.0,0.3,5.168297529220581,True,1.0,0.55,towards,not_visible,yes,no,no,no,True,0.23605060577392578,200,0.35022521018981934,1.0160210587805638,-0.5755518202940825,1.0,-0.09807995657168855,0.4289202825021462,0.44581544789170585
1787650753.847,360,164.37796533656046,39.62610306711172,28.31269156942097,0.022887643603457315,0.5360824742268041,-0.42465409456621567,0.08930189275310951,0.44284666996425026,speaker,speaker,camera,1.0,0.3,5.1683189868927,True,1.0,0.55,towards,not_visible,yes,no,no,no,True,0.22117400169372559,200,0.3462660312652588,0.5494765634641456,-0.5767985029819755,1.0,-0.23891598304813919,0.4101476670761079,0.4315483355654667
1787650754.183,370,161.3260053570112,17.853481352246497,26.27541808853678,0.011949091276436697,0.24742268041237114,-0.43992930149912873,-2.088853297660944,0.23469085517618887,speaker,speaker,camera,1.0,0.3,5.167908191680908,True,1.0,0.55,towards,not_visible,yes,no,no,no,True,0.18351459503173828,200,0.37374329566955566,-1.3103034742734778,-0.5780317440560847,0.9242268041237114,-0.7977132631213026,0.3513379886761707,0.3994641968097483
1787650754.519,380,205.76938777014897,11.568020618466656,25.068688589228913,0.02854743796786187,0.15463917525773196,-0.19303490424975525,-2.696510838062319,0.11167099669364014,speaker,listener,camera,1.0,0.3,5.167524099349976,True,1.0,0.55,towards,not_visible,yes,no,no,no,True,0.15922999382019043,200,0.3601264953613281,-1.9936886203087936,-0.5792487475283649,0.8963917525773195,-1.0035807093624933,0.2860889954468214,0.35411411626457756
1787650754.856,391,199.09846863570922,22.43826064015275,30.03846111017579,0.029759545939091848,0.25773195876288657,-0.22423443867017515,-1.582521727513086,0.6075315388213912,speaker,speaker,camera,1.0,0.3,5.136969089508057,True,1.0,0.55,towards,not_visible,yes,no,no,no,True,0.12843799591064453,200,0.3674142360687256,-0.7893812393825467,-0.580453385683537,0.927319587628866,-0.6431317417932398,0.24904942510223904,0.3120882397996422
1787650755.192,401,199.0984686352237,22.24684020459196,30.10070707564765,0.02975954662678643,0.25773195876288657,-0.22222369614367082,-1.5858385537940336,0.6076808199803636,speaker,speaker,camera,1.0,0.3,5.128227233886719,True,1.0,0.55,towards,not_visible,yes,no,no,no,True,0.09784221649169922,200,0.3665957450866699,-0.7929505029751733,-0.5816408297107444,0.927319587628866,-0.645033731690073,0.21584063721240584,0.27358919876474763
1787650755.527,410,193.65293947515516,3.9275471364812096,15.771416990446788,0.00840760569344956,0.08247422680412371,-0.24796100472596444,-3.4019094750671686,-0.8313249967395262,speaker,listener,camera,1.0,0.3,5.103877305984497,True,1.0,0.55,towards,not_visible,yes,no,no,no,True,0.0800468921661377,200,0.3534259796142578,0.0,-0.5828122377145942,1.0,-0.40796856640021595,0.19676508221140515,0.24285955214341065
1787650755.879,421,nan,0.0,0.0,0.00014942526924156027,0.0,0.0,-3.794664188715289,-2.408466695784205,speaker,listener,camera,1.0,0.3,5.104322910308838,True,1.0,0.55,towards,not_visible,yes,no,no,no,True,0.08391928672790527,200,0.3475360870361328,0.0,-0.5840231478352026,1.0,-0.4088162034846418,0.17923653865736097,0.2174103467489908
1787650756.216,431,189.91151914234925,11.407661908791184,19.492789388727488,0.014938400122862495,0.08247422680412371,-0.2674703148196086,-2.6538979978361708,-0.4591877569114562,speaker,listener,camera,1.0,0.3,5.1043150424957275,True,1.0,0.55,towards,not_visible,yes,no,no,no,True,0.05274605751037598,200,0.3682708740234375,-2.264895895006006,-0.5851699825310094,0.8747422680412371,-1.0890877562735082,0.13885067768970122,0.18598647912527497
1787650756.552,441,175.1668012509927,26.580622611886014,26.165363469585248,0.017269111728958193,0.27835051546391754,-0.34828991937555515,-1.1366019275266879,0.20806965117431986,speaker,speaker,camera,1.0,0.3,5.104765176773071,True,1.0,0.55,towards,not_visible,yes,no,no,no,True,0.02353668212890625,200,0.3651852607727051,-0.6102947916289809,-0.5862988110025631,0.9335051546391753,-0.5934976051904884,0.1209129783136834,0.15995707880063834
1787650756.918,452,175.16680125141386,21.299908260762976,29.068677449957033,0.01726847216688906,0.27835051546391754,-0.3453445279046851,-1.6533073433637249,0.49632035269975494,speaker,speaker,camera,1.0,0.3,5.13634991645813,True,1.0,0.55,towards,not_visible,yes,no,no,no,True,0.023047208786010742,200,0.366959810256958,-0.8521813991187843,-0.5875141629345123,0.9335051546391753,-0.6669143337897938,0.10300696740976975,0.1371770342442909
1787650757.256,463,171.61608063968404,4.669219046160054,18.463218647889427,0.007576205692409616,0.1134020618556701,-0.36289879680392934,-3.29984319139038,-0.5691887310340029,speaker,listener,camera,1.0,0.3,5.136317491531372,True,1.0,0.55,towards,not_visible,yes,no,no,no,True,0.36058592796325684,200,0.366959810256958,0.0,-0.5886190589985455,1.0,-0.41203334129898184,0.09379044326075907,0.11982239785087817
1787650757.592,473,nan,0.0,0.0,0.00032067829740521376,0.0,0.0,-3.7667650960063854,-2.4155105958229455,speaker,listener,camera,1.0,0.3,5.136372089385986,True,1.0,0.55,towards,not_visible,yes,no,no,no,True,0.3295152187347412,200,0.36713624000549316,0.0,-0.5897055000416495,1.0,-0.4127938500291546,0.08542412202608989,0.10606308752096286
1787650757.937,483,nan,0.0,0.0,0.0003572547304736574,0.0,0.0,-3.7667650960063854,-2.4155105958229455,speaker,listener,camera,1.0,0.3,5.145631313323975,True,1.0,0.55,towards,not_visible,yes,no,no,no,True,0.30788183212280273,200,0.35936760902404785,0.0,-0.5865862691266792,1.0,-0.4106103883886754,0.07790763406981453,0.09480090614050353
1787650758.296,493,nan,0.0,0.0,0.0012189859961747082,0.0,0.0,-3.7667650960063854,-2.4155105958229455,listener,listener,camera,1.0,0.45,0.3587214946746826,,0.0,,towards,not_visible,yes,no,no,no,True,0.299527645111084,200,0.36707568168640137,0.0,-0.6090578142661576,1.0,-0.42634046998631026,0.07073935476271281,0.08517628558938724
1787650758.664,504,nan,0.0,0.0,0.0012470617369422859,0.0,0.0,-3.7667650960063854,-2.4155105958229455,listener,listener,camera,1.0,0.45,0.7268166542053223,,0.0,,towards,not_visible,yes,no,no,no,True,0.291975736618042,200,0.37564706802368164,0.0,-0.6000992420581018,1.0,-0.42006946944067125,0.06441214248663071,0.07687062834828462
1787650759.016,515,94.71920438733738,36.26537371093277,9.978831747213551,0.00439865571694056,0.10309278350515463,-0.9572419132846983,-0.14022772491310817,-1.4176274211015905,listener,listener,camera,1.0,0.45,1.0787968635559082,,0.0,,towards,not_visible,no,no,no,no,True,0.2858102321624756,200,0.35814571380615234,0.0,0.057323496934457895,1.0,0.04012644785412053,0.06800294334572556,0.07332355434726098
1787650759.352,525,191.39130917917944,43.59310407424382,16.65842178175456,0.026336300390503428,0.29896907216494845,-0.25383861869022795,0.5925453114179966,-0.7496684176474897,listener,speaker,camera,1.0,0.45,1.414781093597412,,0.0,,towards,not_visible,no,no,no,no,True,0.2477579116821289,200,0.3740365505218506,0.15115450789101748,0.0566098731999532,0.9396907216494845,0.08497326360727248,0.0723838658427219,0.07294767894544535
1787650759.72,536,174.49784347883994,52.55577414741865,12.511264683649614,0.028657035879468423,0.4742268041237113,-0.34400195958639035,1.4828868656213003,-1.156887443281509,listener,speaker,camera,1.0,0.45,1.7827560901641846,,0.0,,towards,not_visible,no,no,no,no,True,0.2558112144470215,200,0.3599216938018799,0.6641780063213301,0.05583915999084936,0.9922680412371134,0.23834081388999356,0.07977945165942232,0.07568038803103613
1787650760.056,547,195.97939774200594,59.3646213181404,12.455829537445654,0.04138482154088513,0.6494845360824743,-0.22498983434007508,2.148942714037262,-1.1508620834690897,speaker,speaker,camera,1.0,0.3,0.3360722064971924,,0.0,,towards,not_visible,no,no,no,no,True,0.22469687461853027,200,0.36107397079467773,1.1411318383183935,0.05514504017687254,1.0,0.3809410796193288,0.09066424912403645,0.08167393246823626
1787650760.392,557,213.14026806528145,57.50457379260242,12.576848418150796,0.03909662869372046,0.5567010309278351,-0.13903210141763847,1.9414485343430918,-1.1272515745638845,speaker,speaker,camera,1.0,0.3,0.672170877456665,,0.0,,towards,not_visible,no,no,no,no,True,0.186293363571167,200,0.37450218200683594,0.9463239334449622,0.054460062205663115,1.0,0.3220192235774529,0.10132204930364042,0.08953317920239792
1787650760.727,567,211.59251802458664,62.406509445894315,8.243425125084247,0.04446960866978696,0.711340206185567,-0.14502140336725888,2.41222761432885,-1.5493213881249006,speaker,speaker,camera,1.0,0.3,1.0076944828033447,,0.0,,towards,not_visible,no,no,no,no,True,0.16229820251464844,200,0.35951876640319824,1.0726999602717693,0.05378530044309262,1.0,0.3594596983916956,0.11382852849494468,0.09925131891941663
1787650761.073,577,195.92534883265347,62.34724162775624,7.85952444518479,0.04039505897425387,0.7422680412371134,-0.2205991556885371,2.3821785563717546,-1.5722182422335973,speaker,speaker,camera,1.0,0.3,1.3531520366668701,,0.0,,towards,not_visible,no,no,no,no,True,0.1408848762512207,200,0.3668708801269531,1.0727114776015139,0.05309986858655649,1.0,0.3589833512910437,0.1274219713081895,0.11051957987492578
1787650761.432,587,175.53582592990895,45.25573784212717,27.859438787031195,0.032478703886580244,0.5463917525773195,-0.32850812909449556,0.6492063922451301,0.44349537437337927,speaker,speaker,camera,1.0,0.3,1.7121269702911377,True,1.0,0.55,towards,not_visible,no,no,no,no,True,0.1328890323638916,200,0.3669707775115967,0.9497164029673794,0.08060884530487536,1.0,0.34134111260362654,0.14159714893514241,0.12295060749901243
1787650761.783,598,174.99998924410576,22.30152863077908,28.184454393951615,0.021093910373442566,0.24742268041237114,-0.3287614183794018,-1.6527065928121296,0.47156198132168753,speaker,speaker,camera,1.0,0.3,2.063715696334839,True,1.0,0.55,towards,not_visible,no,no,no,no,True,0.11312747001647949,200,0.3713502883911133,-0.8748473762669904,0.07963450341043073,0.9242268041237114,-0.2067100604927956,0.13772130424126844,0.12885888619591485
1787650762.119,608,nan,0.0,0.0,0.00143862469523226,0.0,0.0,-3.8663323899619164,-2.3515990778866906,speaker,listener,camera,1.0,0.3,2.3995423316955566,True,1.0,0.55,towards,not_visible,no,no,no,no,True,0.08626723289489746,200,0.3626868724822998,0.0,0.07898000353985624,1.0,0.05528600247789936,0.1436366726394377,0.134770000773324
1787650762.456,619,178.55968753922852,26.097135748221312,24.730715867167454,0.01744940913357136,0.1958762886597938,-0.305818616427188,-1.2566188151397852,0.1214725088300547,speaker,listener,camera,1.0,0.3,2.736231565475464,True,1.0,0.55,towards,not_visible,no,no,no,no,True,0.0696251392364502,200,0.3533313274383545,-0.7795022386002015,0.07836899171788378,0.9087628865979381,-0.1789923773775418,0.14088050252122195,0.13721420147248317
1787650762.791,629,163.30963259084044,45.3636892013785,18.658664764677557,0.019416583047109658,0.26804123711340205,-0.39245528469310464,0.6826027183273311,-0.48694732650723543,speaker,speaker,camera,1.0,0.3,3.0713422298431396,True,1.0,0.55,towards,not_visible,no,no,no,no,True,0.0571293830871582,200,0.3466055393218994,0.450141421104076,0.07776694217562825,0.9304123711340206,0.18947928585416257,0.15068717745393803,0.1426033918650651
1787650763.127,639,168.80403341347383,56.33743606022355,11.526156853382647,0.02692096450954959,0.4948453608247423,-0.3561134793709367,1.773151377028563,-1.1953286443716542,speaker,speaker,camera,1.0,0.3,3.407607078552246,True,1.0,0.55,towards,not_visible,no,no,no,yes,True,0.038898468017578125,200,0.3544957637786865,0.8793806546853263,0.11504766029278615,0.9984536082474227,0.3443475586105482,0.16661391632781944,0.15220760165016683
1787650763.463,649,161.3548977716622,61.11954609174429,7.688867952427724,0.036966630886778845,0.5670103092783505,-0.3982451167701862,2.2336308664103512,-1.5671042480234294,speaker,speaker,camera,1.0,0.3,3.74371075630188,True,1.0,0.55,towards,not_visible,no,no,no,yes,True,0.3750021457672119,200,0.3544957637786865,1.0457647026993167,0.11445587584455838,1.0,0.39384852390098585,0.185454110147595,0.1655062050491381
1787650763.799,658,198.03286483004345,55.76433088668142,17.387403621968936,0.037303737109760884,0.5979381443298969,-0.1901279565761837,1.6757730372399606,-0.5815796385890739,speaker,speaker,camera,1.0,0.3,4.079694509506226,True,1.0,0.55,towards,not_visible,no,no,no,yes,True,0.33205318450927734,200,0.3789327144622803,1.086734624926616,0.11387023642540585,1.0,0.40572955297576896,0.2060368384315355,0.18171845840209705
1787650764.168,669,227.87200668185972,52.292493920444805,17.212967514350375,0.03484922245410364,0.4536082474226804,-0.04804389356312685,1.3118316102438996,-0.5932074529650393,speaker,speaker,camera,1.0,0.3,4.447779417037964,True,1.0,0.55,towards,not_visible,no,no,no,yes,True,0.3452296257019043,200,0.35490846633911133,0.7175627631976595,0.11323538250523225,0.9860824742268041,0.2945335967129604,0.22284761637891382,0.19817012159282377
1787650764.519,680,190.08630721871947,45.58628532856979,15.793366553558434,0.01888106781774718,0.32989690721649484,-0.22888058173583756,0.6280924349539582,-0.729235474514583,speaker,speaker,camera,1.0,0.3,4.7991838455200195,True,1.0,0.55,towards,not_visible,no,no,no,yes,True,0.350604772567749,200,0.3450284004211426,0.17937295412233556,0.1126358043850395,0.9489690721649484,0.13265694930622832,0.2328737677470247,0.21205158005450414
1787650764.856,691,149.8393000414896,48.0719763606194,14.736096121227774,0.02203981604572441,0.1958762886597938,-0.46474755083523805,0.8703806138093796,-0.8276701630025031,speaker,listener,camera,1.0,0.3,5.13636589050293,True,1.0,0.55,towards,not_visible,no,no,no,yes,True,0.3207724094390869,200,0.36701440811157227,0.43207616866362086,0.112066404877597,0.9087628865979381,0.20806933401340416,0.24594616071381928,0.2256094123182302
1787650765.192,701,96.03378031124116,39.487174282653775,18.700224051643925,0.018467336988346905,0.08247422680412371,-0.9058869375610601,0.003196599874723205,-0.4229806683308631,speaker,listener,camera,1.0,0.3,5.136329174041748,True,1.0,0.55,towards,not_visible,no,no,no,no,True,0.30542731285095215,200,0.3513805866241455,0.20171234768179075,0.07362585525309777,0.8747422680412371,0.11205180298170567,0.25491270926677745,0.2373307310976491
1787650765.528,711,94.96586899778733,31.761431208729004,17.006797491239993,0.013897281464837605,0.030927835051546393,-0.9170693919204876,-0.7693777075177539,-0.5923233243712562,speaker,listener,camera,1.0,0.3,5.13576865196228,True,1.0,0.55,towards,not_visible,no,no,no,no,True,0.27747035026550293,200,0.3634951114654541,-0.512361464676713,0.07307054716085734,0.859278350515464,-0.10255905639041374,0.2533144718155073,0.24372422738479238
1787650765.864,721,94.9658689977885,33.882410529719735,14.735142761463752,0.007042973306839345,0.030927835051546393,-0.9170693919204751,-0.5572797754186809,-0.8194887973488804,listener,listener,camera,1.0,0.45,0.335801362991333,,0.0,,towards,not_visible,no,yes,no,no,True,0.27327656745910645,200,0.3399951457977295,0.0,-0.07339109198852135,1.0,-0.05137376439196494,0.2541823016515767,0.24790745709150608
1787650766.2,731,nan,0.0,0.0,0.002193164747448589,0.0,0.0,-3.9455208283906544,-2.293003073495256,listener,listener,camera,1.0,0.45,0.6718676090240479,,0.0,,towards,not_visible,no,no,no,no,True,0.26302576065063477,200,0.34531402587890625,0.0,0.04752370838284025,1.0,0.03326659586798817,0.2600648730422325,0.2527704234717967
1787650766.536,740,nan,0.0,0.0,0.0018215195492709444,0.0,0.0,-3.9455208283906544,-2.293003073495256,listener,listener,camera,1.0,0.45,1.0086297988891602,,0.0,,towards,not_visible,no,no,no,no,True,0.23291277885437012,200,0.36687517166137695,0.0,0.04722876360928646,1.0,0.03306013452650052,0.26591637309515576,0.2580288033211403
1787650766.936,752,139.94423602147916,37.39677912918063,18.235930535948878,0.020366675038602153,0.1958762886597938,-0.5293429195147938,-0.20584291547259143,-0.4694100199003678,listener,listener,camera,1.0,0.45,1.4087128639221191,,0.0,,towards,not_visible,no,no,no,no,True,0.27787208557128906,200,0.35512375831604004,-0.1816488845608969,0.04688221178368046,0.9087628865979381,-0.021677117119692745,0.26875267309223744,0.26231835122957914
1787650767.337,764,177.82797133832503,41.15289093569431,18.44310396228744,0.020498435581925,0.26804123711340205,-0.285651769322646,0.17182669433350242,-0.44399857706750795,listener,speaker,camera,1.0,0.45,1.8089497089385986,,0.0,,towards,not_visible,no,yes,no,no,True,0.332564115524292,200,0.3445439338684082,0.01388809388762019,-0.07467245745744729,0.9304123711340206,-0.04810429205392704,0.2698241929719408,0.2653206879265238
1787650767.704,776,173.24051284480606,39.21886845299507,17.31653772986706,0.020600617011367426,0.24742268041237114,-0.3092996729466969,-0.02329382087975702,-0.5522152145388709,listener,speaker,camera,1.0,0.45,2.17657732963562,True,1.0,0.45,towards,not_visible,no,no,no,no,True,0.3268115520477295,200,0.36711597442626953,-0.1953143489537797,0.060252033309688764,0.9242268041237114,-0.016417881369351774,0.27292844958359475,0.26836379258935217
1787650768.055,787,241.43989236224897,40.88895162003664,17.413078204518367,0.01899800753343111,0.27835051546391754,0.025303935213781877,0.14394743403319837,-0.5370390149283516,speaker,speaker,camera,1.0,0.3,0.3505423069000244,,0.0,,towards,not_visible,no,no,no,no,True,0.31711459159851074,200,0.3592386245727539,-0.19441349412356132,0.04593522591486113,0.9335051546391753,-0.026169390096665607,0.2753502829921104,0.27115838875045545
1787650768.392,797,238.35677306409266,52.480861181057755,16.542305892896252,0.028294567766505636,0.5051546391752577,0.012195748632775543,1.3016989157949772,-0.6187458559412793,speaker,speaker,camera,1.0,0.3,0.688004732131958,,0.0,,towards,not_visible,no,no,yes,no,True,0.2964329719543457,200,0.35814404487609863,0.6762094933876022,0.11838294414842351,1.0,0.2857309089201771,0.2940663947947927,0.28032159116819033
1787650768.728,807,232.1934936461867,61.17098113156989,9.924774805638695,0.038420491645870365,0.7216494845360825,-0.014124497240943432,2.157693921688241,-1.274311506107622,speaker,speaker,camera,1.0,0.3,1.023564100265503,,0.0,,towards,not_visible,no,no,yes,no,True,0.27232933044433594,200,0.3596630096435547,0.9686304823064913,0.1181818181818182,1.0,0.37331641741922006,0.3178615690348468,0.2953375823148529
1787650769.064,817,222.4221994723943,61.72091343801399,9.333455907776047,0.041444099704878404,0.7628865979381443,-0.05697790830206345,2.1911102131157683,-1.3207002808328108,speaker,speaker,camera,1.0,0.3,1.3592193126678467,,0.0,,towards,not_visible,no,no,yes,no,True,0.2529332637786865,200,0.35505127906799316,0.98895695614396,0.1181818181818182,1.0,0.37941435957046066,0.3425022338410508,0.3142034429253321
1787650769.4,827,204.94078690349608,60.348712180932004,10.733292249762362,0.03846679356427843,0.7216494845360825,-0.138280185984359,2.0319789852764125,-1.1675096438258512,speaker,speaker,camera,1.0,0.3,1.6954553127288818,True,1.0,0.55,towards,not_visible,no,no,yes,no,True,0.2148582935333252,200,0.3743109703063965,0.9942174949177988,0.1409090909090909,1.0,0.3969016121117033,0.3685202200985369,0.335930153794614
1787650769.736,837,193.65907376715083,39.200425381668516,29.114135119594266,0.02825038886817987,0.4742268041237113,-0.19360972926635797,-0.10316948450270047,0.6822497395955978,speaker,speaker,camera,1.0,0.3,2.0321037769317627,True,1.0,0.55,towards,not_visible,no,no,yes,no,True,0.18355751037597656,200,0.3679492473602295,0.42361912078837727,0.1409090909090909,0.9922680412371134,0.22572209987287678,0.38448315414751905,0.355351353935776
1787650770.072,847,173.9944216337011,23.829345438484914,25.234311501241255,0.014380333320562915,0.17525773195876287,-0.2989239941353964,-1.639245783976034,0.2874448803643407,speaker,listener,camera,1.0,0.3,2.368201494216919,True,1.0,0.55,towards,not_visible,no,no,yes,no,True,0.16588664054870605,200,0.35376858711242676,-0.9894677018945246,0.1409090909090909,0.9025773195876288,-0.19820394693199372,0.3722426661131812,0.36210787880673806
1787650770.424,858,nan,0.0,0.0,0.002317898986278788,0.0,0.0,-4.005787869984766,-2.238860718563428,speaker,listener,camera,1.0,0.3,2.720125675201416,True,1.0,0.55,towards,not_visible,no,no,yes,no,True,0.15035772323608398,200,0.36745309829711914,0.0,0.1409090909090909,1.0,0.09863636363636362,0.3807722232585103,0.369573616587447
1787650770.759,868,190.03193537275024,45.06600512577627,15.131798440351371,0.020615316024386432,0.17525773195876287,-0.20816790866165466,0.5008126425928616,-0.725680874528291,speaker,listener,camera,1.0,0.3,3.055124282836914,True,1.0,0.55,towards,not_visible,no,no,yes,no,True,0.11839652061462402,200,0.366959810256958,0.06932554368814202,0.1409090909090909,0.9025773195876288,0.11943402674280623,0.3897369390052231,0.37763894555455746
1787650771.096,878,187.61527040820036,55.205447202581134,14.921789043571172,0.03850925165714649,0.4845360824742268,-0.2190855541442378,1.5097487238474194,-0.7394250054610281,speaker,speaker,camera,1.0,0.3,3.3922014236450195,True,1.0,0.55,towards,not_visible,no,no,yes,no,True,0.10165524482727051,200,0.353818416595459,0.8736867528734376,0.1409090909090909,0.9953608247422681,0.3607423894983949,0.41373169705942514,0.3920760461565045
1787650771.432,888,183.07272580043386,62.817843002238426,9.874020727758793,0.0457731574235999,0.6804123711340206,-0.24162609531906576,2.255890816574675,-1.2368075869876556,speaker,speaker,camera,1.0,0.3,3.7282023429870605,True,1.0,0.55,towards,not_visible,no,no,yes,no,True,0.0765984058380127,200,0.36105775833129883,1.1834411487266796,0.1409090909090909,1.0,0.4536687082543675,0.44343481286818864,0.4126195528411781
1787650771.768,898,178.21442571316172,56.77460258735239,13.31315635694404,0.04102498314496251,0.4742268041237113,-0.2663733043243888,1.6290078669203247,-0.8805259481992541,speaker,speaker,camera,1.0,0.3,4.063596248626709,True,1.0,0.55,towards,not_visible,no,no,yes,no,True,0.059619903564453125,200,0.352372407913208,0.9080773767789018,0.1409090909090909,0.9922680412371134,0.37105957667003414,0.46754814838398473,0.4345909910583008
1787650772.105,908,237.0398337851091,52.599163834325815,15.446393507579511,0.05367937000602039,0.29896907216494845,0.02120864003389993,1.1951739129484635,-0.6583969736537142,speaker,speaker,camera,1.0,0.3,4.400233507156372,True,1.0,0.55,towards,not_visible,no,no,yes,no,True,0.03398418426513672,200,0.3622729778289795,0.5717052661834924,0.1409090909090909,0.9396907216494845,0.2701479434914113,0.48411976654509137,0.454402501253017
1787650772.44,918,385.07746332424716,58.39251655967723,15.633611724902519,0.0863400605986717,0.38144329896907214,0.5062106253992963,1.7625574463541214,-0.6330911821848766,speaker,speaker,camera,1.0,0.3,4.735676050186157,True,1.0,0.55,towards,not_visible,no,no,yes,no,True,0.006002664566040039,200,0.36342406272888184,1.2832965604720195,0.1409090909090909,0.9644329896907216,0.48362533177796946,0.5136277592065714,0.4780926044344388
1787650772.793,929,389.8339983511264,68.24575249895521,11.215372701319717,0.10173062419501024,0.7010309278350515,0.5119188025424672,2.730255465818378,-1.068584172721308,speaker,speaker,camera,1.0,0.3,5.088294982910156,True,1.0,0.55,towards,not_visible,no,no,yes,no,True,0.35862159729003906,200,0.36342406272888184,1.7990132702931514,0.1409090909090909,1.0,0.638340344724309,0.5530139878801686,0.5080611578127308
1787650773.128,939,401.746706721731,69.15244101006066,9.362134890771232,0.0984230428306245,0.7319587628865979,0.5353569550231779,2.793621762270739,-1.2432221120489433,speaker,speaker,camera,1.0,0.3,5.073307275772095,True,1.0,0.55,towards,not_visible,no,no,yes,no,True,0.3355545997619629,200,0.3576204776763916,1.7566426200988141,0.1409090909090909,1.0,0.6256291496660078,0.5901034025696027,0.5408780557154795
1787650773.465,949,386.1414532465219,64.5485390944133,13.048688869727519,0.07815940340841973,0.6597938144329897,0.48868328065460315,2.305295353083296,-0.8621344930328254,speaker,speaker,camera,1.0,0.3,5.072339296340942,True,1.0,0.55,towards,not_visible,no,no,yes,no,True,0.3040578365325928,200,0.36799120903015137,1.5712972269742431,0.1409090909090909,1.0,0.5700255317286366,0.6221398431167603,0.5733827706759919
1787650773.8,959,317.12853030124035,64.59808754265865,13.49514614627475,0.08956866989379457,0.6391752577319587,0.28550475902274897,2.2871972443769977,-0.8088674204477739,speaker,speaker,camera,1.0,0.3,5.072242259979248,True,1.0,0.55,towards,not_visible,no,no,yes,no,True,0.24300694465637207,200,0.3965132236480713,1.4871897227443085,0.1409090909090909,1.0,0.5447932804596561,0.6510530111922687,0.6044508668825026
1787650774.136,969,361.50368778548886,69.5156032430068,9.36176850482118,0.09247572345396124,0.7628865979381443,0.41317096470663633,2.756076841968042,-1.2141165103886533,speaker,speaker,camera,1.0,0.3,5.072490215301514,True,1.0,0.55,towards,not_visible,no,no,yes,no,True,0.22552943229675293,200,0.3528783321380615,1.6829770496945597,0.14043837518067173,1.0,0.603199977534838,0.6815027728583355,0.6352716292728358
1787650774.473,979,353.26078926649075,57.60409878635684,21.889627263598506,0.08334609239619503,0.5670103092783505,0.38500229393511504,1.5373656278833665,0.05081053059296572,speaker,speaker,camera,1.0,0.3,5.072939157485962,True,1.0,0.55,towards,not_visible,no,no,yes,no,True,0.1845080852508545,200,0.37770628929138184,1.4528799676300304,0.1385181363138985,1.0,0.532826685708738,0.7062729981080855,0.6636721768069356
1787650774.808,989,395.8057003347409,51.17476417001111,25.669618293303476,0.0742996914159514,0.4845360824742268,0.4940339805027321,0.879058509969959,0.4283015282575331,speaker,speaker,camera,1.0,0.3,5.0718700885772705,True,1.0,0.55,towards,not_visible,no,no,yes,no,True,0.16416549682617188,200,0.3549175262451172,1.2072447151818533,0.13665498410567642,0.9953608247422681,0.4578319034285295,0.7256129560363105,0.6884484884986855
1787650775.177,1000,413.20494815417584,54.3781373764439,26.49640953827437,0.08656647310205037,0.5360824742268041,0.5306854391889583,1.1906052455135387,0.5066976374720475,speaker,speaker,camera,1.0,0.3,5.104265213012695,True,1.0,0.55,towards,not_visible,no,no,yes,no,True,0.16579055786132812,200,0.3668677806854248,1.5218454984885386,0.13466589700757745,1.0,0.5508197774518657,0.7483057393227993,0.712391388828331
1787650775.528,1011,408.5540979936166,73.64298121735636,5.053211104549003,0.1133817238403109,0.8969072164948454,0.5123894839961656,3.10518357714965,-1.6426891822752097,speaker,speaker,camera,1.0,0.3,5.103541851043701,True,1.0,0.55,towards,not_visible,no,no,yes,no,True,0.14954590797424316,200,0.3674454689025879,1.7547280943526775,0.1328239528308372,1.0,0.6193951952873893,0.7723674217071068,0.7363818019798414
1787650775.865,1021,412.7869571717038,61.052098795757686,22.052866540934232,0.0971029735385912,0.6494845360824743,0.5160263109149776,1.815043499218286,0.07370325318606526,speaker,speaker,camera,1.0,0.3,5.105410575866699,True,1.0,0.55,towards,not_visible,no,no,no,no,True,0.11960196495056152,200,0.36681127548217773,1.7542699067437568,0.06818181818181819,1.0,0.5740082447503998,0.7925199330063326,0.7588370543904379
1787650776.2,1031,388.94225834952016,37.88836451625316,26.91979266807573,0.06181805259934409,0.30927835051546393,0.4497947225019854,-0.5194803637243496,0.5596588333683542,speaker,speaker,camera,1.0,0.3,5.103718280792236,True,1.0,0.55,towards,not_visible,no,no,no,no,True,0.10205340385437012,200,0.352933406829834,0.1451083702925255,0.06818181818181819,0.9427835051546392,0.09125978381503037,0.7916030637684127,0.7719434581416278
1787650776.537,1041,nan,0.0,0.0,0.002988711460934055,0.0,0.0,-4.303122011712422,-2.1379170217729024,speaker,listener,camera,1.0,0.3,5.104311943054199,True,1.0,0.55,towards,not_visible,no,no,no,no,True,0.09082841873168945,200,0.34781956672668457,0.0,0.06818181818181819,1.0,0.04772727272727273,0.7891093378683101,0.7788098100323007
1787650776.872,1051,161.9205332473983,23.096461661094608,24.964756541094616,0.03767511510581671,0.1958762886597938,-0.43219432397060437,-1.9934758456029613,0.3585586323365593,speaker,listener,camera,1.0,0.3,5.104339838027954,True,1.0,0.55,towards,not_visible,no,no,no,no,True,0.05927920341491699,200,0.3669710159301758,-1.1635483350951312,0.06818181818181819,0.9087628865979381,-0.30133722780126665,0.767989381282705,0.7744816385324624
1787650777.208,1061,158.59792818094743,43.58316484429746,30.82808509006147,0.053102025346888064,0.5567010309278351,-0.4494124180170199,0.0751292311733529,0.9413059009098792,speaker,speaker,camera,1.0,0.3,5.103833436965942,True,1.0,0.55,towards,not_visible,no,no,no,no,True,0.02842545509338379,200,0.36698460578918457,0.8495931344931198,0.06818181818181819,1.0,0.30260521307520866,0.7769581900704071,0.7754722591476403
1787650777.545,1071,168.1121596454219,67.8855251717473,9.466987768957209,0.06715221446542298,0.9175257731958762,-0.38752675198990144,2.5046139716066036,-1.2042168902096457,speaker,speaker,camera,1.0,0.3,5.104920148849487,True,1.0,0.55,towards,not_visible,no,no,no,no,True,0.36495471000671387,200,0.36698460578918457,1.4749244191544462,0.06818181818181819,1.0,0.4902045984736066,0.7933234814566583,0.7826127480712475
1787650777.897,1082,168.35065715653292,67.6854195116945,4.8079137287402505,0.05847063565887345,0.8969072164948454,-0.3828912395452464,2.459557265885258,-1.6580821253292453,speaker,speaker,camera,1.0,0.3,5.104286193847656,True,1.0,0.55,towards,not_visible,no,no,no,no,True,0.3501925468444824,200,0.3667471408843994,1.1642421572832826,0.06818181818181819,1.0,0.3969999199122575,0.8048938991784065,0.7915252085141111
1787650778.233,1092,171.4288752537312,64.86763228600955,8.304284956038224,0.054010887169238034,0.845360824742268,-0.3615856297599944,2.15318297065791,-1.291864181346155,speaker,speaker,camera,1.0,0.3,5.104776620864868,True,1.0,0.55,towards,not_visible,no,no,no,no,True,0.3360450267791748,200,0.3501925468444824,1.1282206825986325,0.06818181818181819,1.0,0.38619347750686245,0.8153786691427957,0.8010665927655849
1787650778.568,1102,170.20613002733197,53.288837717347526,19.27282372715783,0.036821312103263344,0.5773195876288659,-0.36570495331847247,0.9737716840851285,-0.1820916624207328,speaker,speaker,camera,1.0,0.3,5.103313207626343,True,1.0,0.55,towards,not_visible,no,no,no,no,True,0.31162190437316895,200,0.3594541549682617,0.8526148264748993,0.06818181818181819,1.0,0.3035117206697425,0.8222583850987872,0.8095433096988658
1787650778.905,1112,178.98113147961226,39.81107123773184,20.399815004478057,0.026410216977517224,0.31958762886597936,-0.3123671702670396,-0.3837426807172918,-0.06757161806450292,speaker,speaker,camera,1.0,0.3,5.104871511459351,True,1.0,0.55,towards,not_visible,no,no,no,no,True,0.2754836082458496,200,0.37215399742126465,-0.1913535302790154,0.06818181818181819,0.9458762886597938,-0.009678786356431886,0.8173145121442369,0.8126517906770143
1787650779.24,1122,210.89309305093036,30.033696926820163,12.80262388615309,0.011421177159346067,0.061855670103092786,-0.14560974640385024,-1.3576426850012866,-0.8266150137163549,speaker,listener,camera,1.0,0.3,5.104341745376587,True,1.0,0.55,towards,not_visible,no,no,no,no,True,0.25896143913269043,200,0.3503906726837158,-1.509278283028917,0.06818181818181819,0.8685567010309279,-0.40505621218140236,0.7933782748133359,0.804942384331543
1787650779.576,1132,175.0374005074587,33.762953568126086,17.190262665780704,0.016838171051831136,0.13402061855670103,-0.3319614142291875,-0.9847170208706941,-0.3878511357535935,speaker,listener,camera,1.0,0.3,5.1037917137146,True,1.0,0.55,towards,not_visible,no,no,no,no,True,0.24695467948913574,200,0.3481416702270508,-0.8545035910341177,0.06818181818181819,0.8902061855670103,-0.20862380458296254,0.7778609366761695,0.7941098052693936
1787650779.913,1142,164.73433591323652,47.578348215187766,22.385047132457753,0.045799093873024034,0.422680412371134,-0.3926269912007974,0.3968224438354738,0.13162731091411145,speaker,speaker,camera,1.0,0.3,5.104776620864868,True,1.0,0.55,towards,not_visible,no,no,no,no,True,0.23111486434936523,200,0.35090088844299316,0.5927478372172447,0.06818181818181819,0.9768041237113402,0.22555162389244612,0.7829144501570307,0.7896316632244484
1787650780.281,1153,163.21067421540232,60.14609211318361,16.2073950391241,0.05381443852527519,0.6494845360824743,-0.39866675825345177,1.6496286091967043,-0.487454171528395,speaker,speaker,camera,1.0,0.3,5.104286432266235,True,1.0,0.55,towards,not_visible,no,no,no,no,True,0.24060654640197754,200,0.35851097106933594,1.2265637635670523,0.06818181818181819,1.0,0.4156964017973884,0.795850266632687,0.7921191045877438
1787650780.632,1164,163.98530066136794,64.91782658662301,9.939913592313962,0.06022086020884486,0.7628865979381443,-0.39063853724185515,2.1103057704486767,-1.1093277744941252,speaker,speaker,camera,1.0,0.3,5.104546070098877,True,1.0,0.55,towards,not_visible,no,no,no,no,True,0.22406792640686035,200,0.3679990768432617,1.2179672202833938,0.06818181818181819,1.0,0.41311743881229085,0.8078990613276066,0.7984310872836888
1787650780.968,1174,164.2630790417211,60.59880360197758,11.798568160403489,0.04472234672535223,0.6288659793814433,-0.385707054867942,1.6573004142796464,-0.9123690399402312,speaker,speaker,camera,1.0,0.3,5.103301286697388,True,1.0,0.55,towards,not_visible,no,no,no,no,True,0.19391179084777832,200,0.36577868461608887,0.9712724348935495,0.06818181818181819,1.0,0.3391090031953376,0.8164537199822234,0.8056401403631026
1787650781.305,1184,164.04625956421674,64.17878008367789,10.986644417955604,0.061512258179868246,0.7319587628865979,-0.3838224443411812,1.9987250583068814,-0.9844377237856173,speaker,speaker,camera,1.0,0.3,5.104407787322998,True,1.0,0.55,towards,not_visible,no,no,no,no,True,0.16803669929504395,200,0.3623664379119873,1.2002286345447255,0.06818181818181819,1.0,0.4077958630906904,0.8270459820060266,0.8142024770202723
1787650781.641,1194,161.893630493017,53.274470883089734,24.337122539492817,0.054771326441147204,0.6185567010309279,-0.3938388180868325,0.8883068876649964,0.3604544656059602,speaker,speaker,camera,1.0,0.3,5.104370355606079,True,1.0,0.55,towards,not_visible,no,no,no,no,True,0.15794086456298828,200,0.34564638137817383,1.1238375985389895,0.06818181818181819,1.0,0.38487855228896956,0.8362041635768166,0.82300315164289
1787650781.976,1204,165.89167162536654,33.62994293254379,33.26531733573792,0.050846639116477896,0.41237113402061853,-0.3661826584869178,-1.0850289762662477,1.2496694005744107,speaker,speaker,camera,1.0,0.3,5.104272842407227,True,1.0,0.55,towards,not_visible,no,no,no,no,True,0.14284062385559082,200,0.35042452812194824,0.064869788575107,0.06818181818181819,0.9737113402061855,0.06718820929980483,0.8340691206962619,0.8274295392642388
1787650782.313,1214,172.90979889981222,6.845344108423183,15.878347154455222,0.010140626714333172,0.08247422680412371,-0.3216766394574009,-3.7526385689156454,-0.5015243115596031,speaker,listener,camera,1.0,0.3,5.104780912399292,True,1.0,0.55,towards,not_visible,no,no,no,no,True,0.12900233268737793,200,0.3504772186279297,-3.142187122339578,0.06818181818181819,0.8747422680412371,-0.8949288639746006,0.7873694940041311,0.8114055211601957
1787650782.649,1224,225.36740916582428,8.88450606109936,16.567436700984256,0.005505749322659429,0.041237113402061855,-0.05671470563537909,-3.5487223736480282,-0.4326153569066996,speaker,listener,camera,1.0,0.3,5.103811979293823,True,1.0,0.55,towards,not_visible,no,no,no,no,True,0.09728121757507324,200,0.3602945804595947,0.0,0.06818181818181819,1.0,0.04772727272727273,0.7849119248247431,0.8008080826260147
1787650783.001,1235,140.90539900210015,32.26620994762942,28.772052285918974,0.01888914556560912,0.35051546391752575,-0.5263579668845245,-1.210551984995022,0.7878462015867722,speaker,speaker,camera,1.0,0.3,5.10429048538208,True,1.0,0.55,towards,not_visible,no,no,no,no,True,0.0831906795501709,200,0.36655402183532715,-0.23255488360169196,0.06818181818181819,0.9551546391752577,-0.022039192353234857,0.7791733958393222,0.7921542079113377
1787650783.337,1245,141.32315626411528,46.6285786915693,21.928783846237426,0.022211448812068626,0.4845360824742268,-0.5192966755209877,0.23779040924891603,0.09564089560274987,speaker,speaker,camera,1.0,0.3,5.104275465011597,True,1.0,0.55,towards,not_visible,no,no,no,no,True,0.05186796188354492,200,0.3673527240753174,0.5072652025212766,0.06818181818181819,0.9953608247422681,0.1999068334836557,0.7832788796367492,0.7886040766015023
1787650783.673,1255,135.0697064230248,54.98683291200925,17.4026524028576,0.029419539464310095,0.6288659793814433,-0.5604960049570573,1.071237927200422,-0.3579286576912601,speaker,speaker,camera,1.0,0.3,5.105315446853638,True,1.0,0.55,towards,not_visible,no,no,no,no,True,0.03346729278564453,200,0.35447168350219727,0.9224811496241102,0.06818181818181819,1.0,0.32447161761450577,0.7924669083573606,0.7901492093038456
1787650784.009,1265,135.885926071013,36.01175113463641,27.566959082854144,0.023246012496586015,0.29896907216494845,-0.5501712656462306,-0.8369826298088661,0.6620812968853066,speaker,speaker,camera,1.0,0.3,5.103826999664307,True,1.0,0.55,towards,not_visible,no,no,no,no,True,0.022857666015625,200,0.3446383476257324,0.0027483071072063048,0.06818181818181819,0.9396907216494845,0.04855176485943462,0.7898787731102823,0.7900410348264203
1787650784.345,1275,165.05322990450392,32.8293321046981,26.205935871429777,0.022958566251517775,0.26804123711340205,-0.35147852644683253,-1.1468547065046089,0.5193581627740169,speaker,speaker,camera,1.0,0.3,5.104318618774414,True,1.0,0.55,towards,not_visible,no,no,no,no,True,0.3587226867675781,200,0.3446383476257324,-0.43012960431586067,0.06818181818181819,0.9304123711340206,-0.08131160856748545,0.7808986002799998,0.7863840610078521
1787650784.681,1285,163.19267087592246,31.230822424722636,25.291129967852424,0.016362706750808496,0.2268041237113402,-0.3598470907058585,-1.2952371274371093,0.4226839907885417,speaker,speaker,camera,1.0,0.3,5.104820489883423,True,1.0,0.55,towards,not_visible,no,no,no,no,True,0.3366367816925049,200,0.3587226867675781,-0.6026557621236333,0.06818181818181819,0.918041237113402,-0.13306945590981725,0.7689261406437725,0.7794008928622203
1787650785.017,1295,163.19267087492088,24.10578959321077,28.012968314087146,0.01632169296787348,0.2268041237113402,-0.356820344889018,-1.9947880393139248,0.6906409855041286,speaker,speaker,camera,1.0,0.3,5.104279279708862,True,1.0,0.55,towards,not_visible,no,no,no,no,True,0.30747032165527344,200,0.3651895523071289,-1.0030356677041539,0.06818181818181819,0.918041237113402,-0.25318342758397344,0.7495469415472213,0.7674593123362207
1787650785.367,1306,172.74406245634668,17.732012550355,26.737476049542146,0.018010526836493325,0.1958762886597938,-0.296935256752063,-2.612217863206362,0.5561853491945872,speaker,listener,camera,1.0,0.3,5.086284637451172,True,1.0,0.55,towards,not_visible,no,no,no,no,True,0.28845667839050293,200,0.36751818656921387,-1.6075954526723062,0.06818181818181819,0.9087628865979381,-0.4345513630744191,0.7181179253134728,0.7477227575271215
1787650785.705,1316,175.04320919801907,37.15424474648971,31.36263989330464,0.02783136451403535,0.44329896907216493,-0.2811411104697067,-0.6438724649608275,1.0131398800788909,speaker,speaker,camera,1.0,0.3,5.072918176651001,True,1.0,0.55,towards,not_visible,no,no,no,no,True,0.2625312805175781,200,0.3630180358886719,0.2333565113135258,0.06818181818181819,0.9829896907216494,0.11773422612133047,0.7199446006155421,0.7366114947624898
1787650786.041,1326,175.04320919827236,37.9557279208808,30.529884790727362,0.02783136532412598,0.44329896907216493,-0.278687320392234,-0.5572854228721106,0.9197329710203743,speaker,speaker,camera,1.0,0.3,5.073256731033325,True,1.0,0.55,towards,not_visible,no,no,no,no,True,0.23151397705078125,200,0.36697840690612793,0.24535510451065307,0.06818181818181819,0.9829896907216494,0.12133380408046865,0.7219077313159261,0.7307299893838644
1787650786.377,1336,174.65698270601905,19.12944210687332,28.225645237514133,0.021836376613958392,0.26804123711340205,-0.27846102419659763,-2.434341150044138,0.6801116859888477,speaker,speaker,camera,1.0,0.3,5.072242498397827,True,1.0,0.55,towards,not_visible,no,no,no,no,True,0.19663333892822266,200,0.36885499954223633,-1.400175396343703,0.06818181818181819,0.9304123711340206,-0.3723253461758381,0.6926328421438464,0.7154911304878572
1787650786.713,1346,84.16900419399094,11.471911970315507,23.872428949623053,0.01689492708566422,0.14432989690721648,-1.0060247565549687,-3.1757507521994777,0.2379889403398515,speaker,listener,camera,1.0,0.3,5.071665287017822,True,1.0,0.55,towards,not_visible,no,no,no,no,True,0.19150948524475098,200,0.3395977020263672,-1.894794859278187,0.06818181818181819,0.8932989690721649,-0.5207111850561833,0.6529654535530388,0.6904808597139298
1787650787.048,1356,166.8929326821115,32.54199022172971,29.382907199097378,0.02212764590608041,0.41237113402061853,-0.3214990095611129,-1.0687429270580573,0.789036765287284,speaker,speaker,camera,1.0,0.3,5.071930408477783,True,1.0,0.55,towards,not_visible,no,no,no,no,True,0.17498326301574707,200,0.3521156311035156,-0.22082277769351905,0.06818181818181819,0.9737113402061855,-0.01851956058078298,0.6483583587802519,0.6736318593404587
1787650787.385,1366,166.89293268136333,31.766510105802368,30.068831046562995,0.02212762267700525,0.41237113402061853,-0.3187458365420725,-1.1356035093802113,0.8497387823809728,speaker,speaker,camera,1.0,0.3,5.072339296340942,True,1.0,0.55,towards,not_visible,no,no,no,no,True,0.1439955234527588,200,0.36803555488586426,-0.23926661980454925,0.06818181818181819,0.9737113402061855,-0.02405271321409204,0.6433864958702619,0.6615337139523799
1787650787.753,1377,164.0226514368534,37.253435471001964,30.643368861842145,0.030470685857094858,0.5360824742268041,-0.3333606563598391,-0.5755549377664501,0.8986951760850779,speaker,speaker,camera,1.0,0.3,5.104807615280151,True,1.0,0.55,towards,not_visible,no,no,no,no,True,0.14451384544372559,200,0.3675103187561035,0.2454534836178062,0.06818181818181819,1.0,0.12136331781261459,0.6473344175095336,0.6558539953752414
1787650788.105,1388,163.5460732935197,48.672436033556245,27.77613169297829,0.03369378160729648,0.6288659793814433,-0.33343154010122816,0.5721006678666427,0.6029845074378415,speaker,speaker,camera,1.0,0.3,5.1043219566345215,True,1.0,0.55,towards,not_visible,no,yes,no,no,True,0.14927363395690918,200,0.34721803665161133,0.9861870088066331,-0.05303030303030304,1.0,0.2587348905207778,0.6589409588677312,0.6570887807722373
1787650788.442,1398,160.55574012183726,55.79863519733117,17.488424279210793,0.03197314051384165,0.6804123711340206,-0.3490456938387304,1.2789995775654688,-0.43181607901328645,speaker,speaker,camera,1.0,0.3,5.104329347610474,True,1.0,0.55,towards,not_visible,no,no,no,no,True,0.1189584732055664,200,0.36635255813598633,0.9386328615637685,0.06818181818181819,1.0,0.32931713119640327,0.6740168923921969,0.6638600254202212
1787650788.777,1408,159.25873744553488,50.536238648976926,22.339638777569835,0.03084982688117256,0.5154639175257731,-0.35420596721215225,0.7399699269543895,0.05762353161275087,speaker,speaker,camera,1.0,0.3,5.10370397567749,True,1.0,0.55,towards,not_visible,no,no,no,no,True,0.08692407608032227,200,0.3674800395965576,0.8036530441372383,0.06818181818181819,1.0,0.2888231859684442,0.6862730054314025,0.6728252174246936
1787650789.114,1418,152.44841823865337,51.48734754354713,22.35293135764283,0.028985229993046088,0.27835051546391754,-0.394922675413753,0.8276811171418658,0.0583765543039231,speaker,speaker,camera,1.0,0.3,5.104776382446289,True,1.0,0.55,towards,not_visible,no,no,no,no,True,0.0646207332611084,200,0.35890793800354004,0.8946321640027229,0.06818181818181819,0.9335051546391753,0.3161169219280896,0.6983706412068539,0.6830433869375577
1787650789.449,1428,185.2497332728512,58.3978861297976,11.214094098143526,0.029647171906881122,0.30927835051546393,-0.1967761371871194,1.5104581645954938,-1.0560909371890463,speaker,speaker,camera,1.0,0.3,5.104305744171143,True,1.0,0.55,towards,not_visible,no,no,no,no,True,0.03440237045288086,200,0.3656127452850342,0.6731000379565271,0.06818181818181819,0.9427835051546392,0.24965728411423085,0.7068877722365358,0.692581141057149
1787650789.786,1438,227.01933027715896,46.225762530110025,18.89482231774274,0.019165393177487153,0.14432989690721648,0.008342059105724515,0.2781412229807813,-0.2774572058572346,speaker,listener,camera,1.0,0.3,5.104300022125244,True,1.0,0.55,towards,not_visible,no,yes,no,no,True,0.006507158279418945,200,0.36452627182006836,0.060209684423146566,-0.05303030303030304,0.8932989690721649,-0.019058306794268155,0.7017196845518343,0.6962365584550231
1787650790.122,1448,217.28871485250022,40.72467225025499,18.922337831029292,0.051585617701257,0.1958762886597938,-0.0354661575356599,-0.2719678050047222,-0.2747056545285794,speaker,listener,away,0.9341663989837563,0.3,5.104312181472778,True,0.9059519985482233,0.49827359920152287,towards,not_visible,no,yes,no,no,True,0.0015037059783935547,200,0.34003758430480957,-0.3646645579530955,-0.027534303151284422,0.9087628865979381,-0.12867337959182773,0.6891588093074781,0.693405458796005
1787650790.474,1459,195.28760669978882,51.546118070856984,20.258099625882867,0.0745170817244279,0.23711340206185566,-0.14187122457740078,0.8128964551055248,-0.13838241849793603,speaker,speaker,camera,0.9341929043602336,0.3,5.106368064880371,True,0.9059898633717625,0.4982944248544694,towards,not_visible,no,yes,no,no,True,0.008570194244384766,200,0.3449974060058594,0.6382233252743587,-0.02753114774932283,0.9211340206185566,0.17219519415778162,0.6939401944360675,0.69361935305203
1787650790.809,1469,171.41797639238575,58.74900818793756,16.250954199496363,0.07605679832894784,0.3402061855670103,-0.2709161759616139,1.5250565022625273,-0.5377131369516072,speaker,speaker,camera,0.9341590242167395,0.3,5.103740453720093,True,0.9059414631667707,0.49826780474172394,towards,not_visible,no,yes,no,no,True,0.3440365791320801,200,0.3449974060058594,1.0328754076198645,-0.027535181099738806,0.952061855670103,0.2905879955161422,0.7047657009358673,0.698077892205565
1787650791.146,1479,135.8525400055275,56.53745199682452,14.1552035617269,0.04428518035055639,0.3402061855670103,-0.5010750057912842,1.2886503181285982,-0.7419110693590373,speaker,speaker,camera,0.9341659254245072,0.3,5.104275465011597,True,0.9059513220350103,0.4982732271192557,towards,not_visible,no,no,no,no,True,0.3206441402435303,200,0.3588840961456299,0.8363111157830982,0.09367776168473571,0.952061855670103,0.31646776791424447,0.7164169958767836,0.7054135336740525
1787650791.481,1489,200.6520333060115,56.636689036116906,15.187259153720024,0.045026179179054666,0.4536082474226804,-0.10712381356679614,1.2856875188765506,-0.6312863994661345,speaker,speaker,camera,0.9341661960306266,0.3,5.104296445846558,True,0.9059517086151809,0.49827343973834953,towards,not_visible,no,no,no,no,True,0.3033161163330078,200,0.3528261184692383,0.703340082204958,0.09367779389974994,0.9860824742268041,0.27657648039131233,0.7261558164662787,0.713710446790943
1787650791.816,1499,253.04428777796332,58.76896044505909,14.856549489902717,0.06339492585517062,0.422680412371134,0.1258848510866498,1.4860577845820047,-0.6580445018532037,speaker,speaker,camera,0.9341534782139886,0.3,5.103310585021973,True,0.9059335403056981,0.498263447168134,towards,not_visible,no,yes,no,no,True,0.2702808380126953,200,0.3680293560028076,0.8569619520970064,-0.02753584133816153,0.9768041237113402,0.23781349669238885,0.7335372071256261,0.7216411509248162
1787650792.153,1509,316.6919129227276,65.20125468773843,12.819610759218094,0.08598647309664241,0.6288659793814433,0.3489091275301363,2.114426631004118,-0.8551579299031342,speaker,speaker,camera,0.9341721518769779,0.3,5.104758262634277,True,0.9059602169671113,0.49827811933191124,towards,not_visible,no,no,no,no,True,0.24005889892578125,200,0.36725902557373047,1.352901110626482,0.09367850292907746,1.0,0.4714452852382989,0.7519763074912117,0.7337752135513744
1787650792.49,1519,339.6910584142303,59.28886645638275,18.427528989333958,0.07988653111698886,0.5360824742268041,0.4148497506301669,1.5020435415585092,-0.2858145275925164,speaker,speaker,camera,0.9341628963291959,0.3,5.104040622711182,True,0.9059469947559942,0.49827084711579683,towards,not_visible,no,no,no,no,True,0.22960519790649414,200,0.3467838764190674,1.2375709920063809,0.09367740107815103,1.0,0.43684547835661997,0.7676919088851013,0.7473418916848652
1787650792.841,1530,346.13787252417177,49.20846324973546,20.992560636496563,0.06033914107254245,0.3711340206185567,0.4285221087409998,0.47898278547819473,-0.026453217600330703,speaker,speaker,camera,0.9339506321236899,0.3,5.087637662887573,True,0.9056437601766999,0.498104068097185,towards,not_visible,yes,no,no,no,True,0.21414542198181152,200,0.36708545684814453,0.5815753521928573,-0.5881660502883054,0.9613402061855669,-0.23724362954395653,0.7485532745083263,0.7478264448142496
1787650793.176,1540,283.01367595332704,41.7116042149609,18.58112512795833,0.055915189611410995,0.16494845360824742,0.22184454630760395,-0.2754929458540431,-0.2673322362781505,speaker,listener,camera,0.9337317451089316,0.3,5.070832967758179,True,0.905331064441331,0.4979320854427321,towards,not_visible,yes,no,no,no,True,0.19214367866516113,200,0.3571748733520508,-0.2698714252963228,-0.5881921082662528,0.8994845360824741,-0.4926959033752738,0.7136258356894895,0.7341462011643456
1787650793.514,1550,220.86995446019893,54.380743323037834,18.534613899549008,0.06477063526266229,0.26804123711340205,-0.028557280648822667,0.9941758944121908,-0.2693100367563012,speaker,speaker,camera,0.9337510666366218,0.3,5.072311878204346,True,0.9053586666237454,0.49794726664306005,towards,not_visible,yes,no,no,yes,True,0.16462254524230957,200,0.3650374412536621,0.6480333338003833,-0.550311020205597,0.9304123711340206,-0.1908077140038029,0.6966608961856176,0.7191520791728544
1787650793.849,1560,196.12776532649153,57.75283355158744,18.154785825506572,0.06962063993590105,0.4639175257731959,-0.1470834828764824,1.3214431583230302,-0.30459974379298205,speaker,speaker,camera,0.9337529474150971,0.3,5.072455883026123,True,0.9053613534501388,0.49794874439757636,towards,not_visible,yes,no,no,no,True,0.138746976852417,200,0.36046433448791504,0.9479364218208761,-0.5881895841821855,0.9891752577319588,-0.127351782381267,0.6833986767988942,0.7048507182232704
1787650794.185,1570,164.8838361225003,55.291685731959035,14.040250510743011,0.043893857018602656,0.32989690721649484,-0.3192398730563311,1.0621139447769594,-0.7130072778314084,speaker,speaker,camera,0.9337437698246208,0.3,5.071753263473511,True,0.9053482426066013,0.49794153343363073,towards,not_visible,yes,no,no,no,True,0.11724185943603516,200,0.3574070930480957,0.5815067256508881,-0.5881906767524803,0.9489690721649484,-0.23728145603146975,0.6623781818554039,0.6878617036761239
1787650794.553,1581,184.8307924066893,38.959077443447015,24.66464098054718,0.026917364983330947,0.2268041237113402,-0.2023035759598997,-0.5817680235220116,0.3565618419273225,speaker,speaker,camera,0.9341667618362332,0.3,5.104340314865112,True,0.9059525169089047,0.4982738842998976,towards,not_visible,yes,no,no,no,True,0.12543106079101562,200,0.35979223251342773,-0.150325525681266,-0.5881403205606216,0.918041237113402,-0.4567958820968149,0.6253516182439662,0.6628576695032609
1787650794.889,1592,403.1333081510291,25.671403621544506,19.982255571168142,0.007223219442119188,0.020618556701030927,0.5793561570617455,-1.9047177254770418,-0.11524231742985443,speaker,listener,camera,0.9341595317077692,0.3,5.1037797927856445,True,0.9059421881539562,0.498268203484676,towards,not_visible,yes,no,no,no,True,0.11446523666381836,200,0.34703636169433594,0.0,-0.5881411812902007,1.0,-0.4116988269031404,0.5882589516610061,0.633018182366359
1787650795.226,1601,139.92523059863643,25.62037273779875,20.742125543251344,0.018709982103647316,0.07216494845360824,-0.47880292218466214,-1.9098208138516175,-0.03925532022153426,speaker,listener,camera,1.0,0.3,5.104365825653076,True,1.0,0.55,towards,not_visible,yes,no,no,no,True,0.0968019962310791,200,0.35428452491760254,-1.3120083821218835,-0.5803030303030303,0.8716494845360825,-0.7998146358486862,0.5261453253189882,0.5902690395474106
1787650795.578,1612,169.8290687075154,48.33142998475797,21.71123807492016,0.04008183624649732,0.36082474226804123,-0.28511868320822875,0.36128491084430436,0.05765593294534739,speaker,speaker,camera,1.0,0.3,5.1042492389678955,True,1.0,0.55,towards,not_visible,yes,no,no,no,True,0.0822606086730957,200,0.3582146167755127,0.4661808300467663,-0.5803030303030303,0.9582474226804123,-0.2663578721980913,0.5032348038756946,0.5554553452787242
1787650795.914,1622,171.1624161645065,58.58978743685555,16.802835878849844,0.04362408016108861,0.3711340206185567,-0.27481439634633925,1.3835078069456201,-0.43376084599113796,speaker,speaker,camera,1.0,0.3,5.104813098907471,True,1.0,0.55,towards,not_visible,yes,no,no,no,True,0.05103778839111328,200,0.36725306510925293,0.983956936134983,-0.5803030303030303,0.9613402061855669,-0.1110250403716263,0.4938216403290374,0.5308018632988495
1787650796.25,1632,181.73053626675238,55.04896514786902,13.454707515854702,0.038742598583183636,0.2268041237113402,-0.21249652419106158,1.015590499977511,-0.7642360738307408,speaker,speaker,camera,1.0,0.3,5.103863000869751,True,1.0,0.55,towards,not_visible,yes,no,no,no,True,0.03554868698120117,200,0.35103511810302734,0.46017901777909515,-0.5806221412349255,0.918041237113402,-0.26838179353071934,0.4724326737221282,0.507454187468161
1787650796.584,1642,217.24725930656646,38.40780645852981,22.49910786915822,0.01763186689558612,0.020618556701030927,-0.03206919292316698,-0.658681273956185,0.14784632223791833,speaker,listener,camera,1.0,0.3,5.103161096572876,True,1.0,0.55,towards,not_visible,yes,no,no,no,True,0.02085590362548828,200,0.34848761558532715,-0.4222026293606136,-0.5814517533579433,0.8561855670103092,-0.5336770161587444,0.4334545553313422,0.47785433461343346
1787650796.954,1653,nan,0.0,0.0,0.0029822888343140307,0.0,0.0,-4.499461919809166,-2.1020644646779036,speaker,listener,camera,1.0,0.3,5.137873649597168,True,1.0,0.55,towards,not_visible,yes,no,no,no,True,0.04067349433898926,200,0.34988903999328613,0.0,-0.5823582428982882,1.0,-0.40765077002880173,0.40027025753852996,0.44682070378347205
1787650797.289,1664,nan,0.0,0.0,4.9972618006486916e-05,0.0,0.0,-4.499461919809166,-2.1020644646779036,speaker,listener,camera,1.0,0.3,5.135398626327515,True,1.0,0.55,towards,not_visible,yes,no,no,no,True,0.024730920791625977,200,0.35050463676452637,0.0,-0.5831699399118411,1.0,-0.4082189579382887,0.36863399518227835,0.4155460203429946
1787650797.625,1674,nan,0.0,0.0,3.689174078211806e-05,0.0,0.0,-4.499461919809166,-2.1020644646779036,listener,listener,camera,1.0,0.45,0.33690381050109863,,0.0,,towards,not_visible,yes,no,no,no,True,0.3616347312927246,200,0.35050463676452637,0.0,-0.6201869618853447,1.0,-0.43413087331974126,0.33670251841062954,0.38400861957004856
1787650797.994,1684,nan,0.0,0.0,1.87346119507977e-05,0.0,0.0,-4.499461919809166,-2.1020644646779036,listener,listener,camera,1.0,0.45,0.7055373191833496,,0.0,,towards,not_visible,yes,no,no,no,True,0.36275815963745117,200,0.3675100803375244,0.0,-0.6206648218497003,1.0,-0.4344653752947902,0.3067846993587701,0.3531190514855372
1787650798.346,1695,nan,0.0,0.0,2.6711693482875856e-05,0.0,0.0,-4.499461919809166,-2.1020644646779036,listener,listener,camera,1.0,0.45,1.0575826168060303,,0.0,,towards,not_visible,yes,no,no,no,True,0.34282588958740234,200,0.3611795902252197,0.0,-0.6211162715686641,1.0,-0.4347813900980649,0.27893300255832054,0.3234446319146505
1787650798.682,1705,193.58279875960184,12.52300033914048,26.20766720918516,0.02187197842480414,0.05154639175257732,-0.14740001952368337,-3.2471618858951183,0.5187022562406124,listener,listener,camera,1.0,0.45,1.39365553855896,,0.0,,towards,not_visible,yes,no,no,no,True,0.33423495292663574,200,0.3446638584136963,-2.212808145209886,-0.6163069120671004,0.8654639175257732,-1.095257282009936,0.2207392429376067,0.282362476323833
1787650799.018,1715,190.7550544006141,33.70968586134329,29.77475455645838,0.024138306024362163,0.09278350515463918,-0.1621151736334585,-1.1284933336748373,0.8754109909679343,listener,listener,camera,1.0,0.45,1.7296199798583984,,0.0,,towards,not_visible,yes,no,no,no,True,0.310605525970459,200,0.35959386825561523,-0.2964904855423801,-0.6076975568246131,0.8778350515463917,-0.5143354354399432,0.19882454288810175,0.2489473029495405
1787650799.354,1725,190.7550544010395,50.20699261843613,14.811199641966514,0.024350865011990498,0.09278350515463918,-0.16211517363122852,0.5212373420344469,-0.6209445004812523,listener,listener,camera,1.0,0.45,2.0657057762145996,True,1.0,0.45,towards,not_visible,yes,no,no,no,True,0.27767181396484375,200,0.3690195083618164,0.1254807601544205,-0.578574790294995,0.8778350515463917,-0.36735812516017036,0.1856467552691416,0.22362708387738095
1787650799.69,1736,308.0233038493323,44.96423515949495,13.246458184630306,0.01260244996914063,0.020618556701030927,0.3170700990040041,-0.00303840385967149,-0.777418646214873,listener,listener,camera,1.0,0.45,2.4011054039001465,True,1.0,0.45,towards,not_visible,yes,no,yes,no,True,0.25734448432922363,200,0.35472607612609863,-0.31034686131465894,-0.4976897816561647,0.8561855670103092,-0.44148690555371295,0.1705889671305071,0.20241183717863143
1787650800.023,1746,308.0233038489148,43.41215501108288,12.622183626753051,0.008383891832020431,0.020618556701030927,0.31707009900264865,-0.15824641870087816,-0.8398461020025986,listener,listener,camera,1.0,0.45,2.7348365783691406,True,1.0,0.45,towards,not_visible,no,no,yes,no,True,0.21945548057556152,200,0.37162017822265625,0.0,0.15155936823927807,1.0,0.10609155776749464,0.17889330674535606,0.19300442500532128
1787650800.362,1755,308.0233038488849,30.74270946447458,21.115280705221853,0.007835370401749635,0.020618556701030927,0.3170700990025516,-1.4251909733617083,0.00946360584428163,listener,listener,camera,1.0,0.45,3.073641777038574,True,1.0,0.45,towards,not_visible,no,no,no,no,True,0.20288634300231934,200,0.3543713092803955,0.0,0.07821875893880312,1.0,0.05475313125716218,0.18542103079455793,0.18997106732101593
1787650800.729,1766,nan,29.76405688474706,18.198269449089157,0.004217534128031815,0.0,0.0,-1.5230562313344602,-0.282237519768988,listener,listener,camera,1.0,0.45,3.4406888484954834,True,1.0,0.45,towards,not_visible,no,no,yes,no,True,0.2124776840209961,200,0.35645484924316406,0.0,0.15028856662003795,1.0,0.10520199663402656,0.1939837743400139,0.19157615012861512
1787650801.082,1777,nan,28.716324992886758,16.520838966128196,0.005877821202885798,0.0,0.0,-1.6278294205204904,-0.4499805680650841,listener,listener,camera,1.0,0.45,3.793119192123413,True,1.0,0.45,towards,not_visible,no,no,yes,no,True,0.19388961791992188,200,0.3710184097290039,0.0,0.1496640599930407,1.0,0.10476484199512848,0.2026765268579799,0.19601630082036103
1787650801.418,1787,267.8710101070952,43.37151895995605,19.62561775866594,0.03055285164466028,0.23711340206185566,0.177400216606405,-0.16231002381356135,-0.13950268881130973,listener,speaker,camera,1.0,0.45,4.129687786102295,True,1.0,0.45,towards,not_visible,no,no,yes,no,True,0.18440556526184082,200,0.3460526466369629,-0.1248495240344324,0.14907379266950493,0.9211340206185566,0.06689679765832372,0.20971066166049526,0.20149404515641473
1787650801.754,1797,226.25487928141615,55.140863305015635,22.85162923889928,0.06143229634146323,0.5567010309278351,0.006617598931358998,1.0162475109305327,0.18449348610013772,listener,speaker,camera,1.0,0.45,4.465176582336426,True,1.0,0.45,towards,not_visible,no,no,no,no,True,0.17208218574523926,200,0.34720635414123535,0.9270028998701884,0.07576404787860003,1.0,0.3311357034760765,0.22845796826382844,0.2122796143993802
1787650802.09,1808,270.02707132608884,67.02871848282999,10.614868373103286,0.06987006391156317,0.8350515463917526,0.18341127489353218,2.1948705536026623,-1.041027535340463,speaker,speaker,camera,1.0,0.3,0.33595728874206543,,0.0,,towards,not_visible,no,no,yes,no,True,0.1485586166381836,200,0.3594808578491211,1.2229855591246184,0.12891228385630168,1.0,0.45713426643679667,0.25392455635022854,0.22893759117971954
1787650802.458,1819,199.30002893648035,54.86832392803831,19.6569064504186,0.06121233926903574,0.5567010309278351,-0.1223106297327514,0.9568823925874682,-0.12641345225552705,speaker,speaker,camera,1.0,0.3,0.7046339511871338,,0.0,,towards,not_visible,no,no,yes,no,True,0.17336440086364746,200,0.3438708782196045,0.7508131575830341,0.12849427306975647,1.0,0.31518993842373977,0.2735895595931539,0.2467983785450933
1787650802.794,1829,240.96373303971444,33.17417750745158,20.033357605269153,0.027716784545351997,0.1958762886597938,0.06867636248169408,-1.2221010733970794,-0.0875042022479164,speaker,listener,camera,1.0,0.3,1.0406460762023926,,0.0,,towards,not_visible,no,no,yes,no,True,0.14958858489990234,200,0.3597879409790039,-0.9958451988255662,0.12811730394698778,0.9087628865979381,-0.2090714468847784,0.2645747106242343,0.2539089113767497
1787650803.129,1839,112.4079979723017,22.867309738753487,13.55762575601741,0.004439143425977403,0.020618556701030927,-0.694545620877823,-2.240566839532918,-0.7342023451506113,speaker,listener,camera,1.0,0.3,1.3756356239318848,,0.0,,towards,not_visible,no,no,no,no,True,0.12598514556884766,200,0.3575921058654785,0.0,0.055017973011523544,1.0,0.038512581108066476,0.2706759562803649,0.26061572933819577
1787650803.498,1849,101.55641428367456,28.67883669186398,19.439808809420573,0.006090534539560019,0.09278350515463918,-0.7960662613630222,-1.6594141442218688,-0.14598403981029512,speaker,listener,camera,1.0,0.3,1.7446789741516113,True,1.0,0.55,towards,not_visible,no,no,no,no,True,0.1446371078491211,200,0.3503913879394531,0.0,0.08497121476318077,1.0,0.059479850334226536,0.2778011608268695,0.2674899019336653
1787650803.85,1860,103.62107322516445,36.419092837774116,16.713019932983766,0.006604967349946796,0.1134020618556701,-0.7759399927389601,-0.8853885296308555,-0.4186629274539758,listener,listener,camera,1.0,0.45,0.35107421875,,0.0,,towards,not_visible,no,no,no,no,True,0.12999486923217773,200,0.36571645736694336,0.0,0.054230716520289275,1.0,0.03796150156420249,0.2838109404002689,0.27401831732030674
